date,open,close
2017-08-17,4436.06,4325.23
2017-08-18,4320.52,4136.28
2017-08-21,4023.11,4027.05
2017-08-22,3866.48,3984.24
2017-08-23,4205.98,4117.07
2017-08-24,4211.78,4216.07
2017-08-25,4361.27,4307.17
2017-08-28,4309.0,4321.65
2017-08-29,4368.5,4555.55
2017-08-30,4537.0,4536.82
2017-08-31,4674.97,4698.77
2017-09-01,4775.0,4813.24
2017-09-05,4248.64,4442.48
2017-09-06,4544.59,4619.43
2017-09-07,4616.79,4754.21
2017-09-08,4653.92,4190.01
2017-09-11,4191.54,4182.27
2017-09-12,4343.01,4165.5
2017-09-13,3831.01,3879.81
2017-09-14,3481.02,3370.0
2017-09-15,2870.9,3702.66
2017-09-18,3932.98,3969.48
2017-09-19,3969.32,3890.01
2017-09-20,3927.77,3962.93
2017-09-21,3862.99,3605.03
2017-09-22,3528.36,3590.0
2017-09-25,3781.05,3930.36
2017-09-26,3950.0,3906.13
2017-09-27,4072.2,4190.0
2017-09-28,4170.19,4149.99
2017-09-29,4234.99,4179.99
2017-10-02,4419.99,4419.94
2017-10-03,4290.0,4235.01
2017-10-04,4230.0,4173.11
2017-10-05,4226.05,4327.63
2017-10-06,4391.11,4379.73
2017-10-09,4615.0,4787.49
2017-10-10,4790.01,4911.0
2017-10-11,4804.93,4872.1
2017-10-12,5184.0,5312.43
2017-10-13,5658.97,5558.99
2017-10-16,5739.96,5703.27
2017-10-17,5579.89,5622.06
2017-10-18,5283.98,5382.98
2017-10-19,5710.0,5609.0
2017-10-20,5662.75,6060.54
2017-10-23,5881.98,5880.82
2017-10-24,5680.0,5635.07
2017-10-25,5469.99,5580.07
2017-10-26,5845.03,5834.38
2017-10-27,5843.03,5740.0
2017-10-30,6179.92,6111.58
2017-10-31,6223.41,6329.98
2017-11-01,6613.92,6622.99
2017-11-02,6887.66,6981.9
2017-11-03,7230.95,7234.0
2017-11-06,7324.97,7028.95
2017-11-07,7160.54,7059.78
2017-11-08,7406.47,7070.0
2017-11-09,7076.0,7130.0
2017-11-10,6831.2,6526.31
2017-11-13,6426.03,6366.97
2017-11-14,6410.03,6532.06
2017-11-15,6998.0,7182.0
2017-11-16,7380.53,7735.96
2017-11-17,7769.17,7799.37
2017-11-20,8066.98,8237.77
2017-11-21,8252.25,8109.83
2017-11-22,8270.12,8199.98
2017-11-24,8165.0,8224.98
2017-11-27,9485.02,9499.99
2017-11-28,9919.61,9899.99
2017-11-29,10798.53,9306.0
2017-11-30,9610.01,9761.0
2017-12-01,9960.01,10529.1
2017-12-04,11120.7,11149.25
2017-12-05,11652.0,11694.0
2017-12-06,12620.0,13054.99
2017-12-07,13799.95,15007.01
2017-12-08,14849.99,15199.96
2017-12-11,16052.05,16999.0
2017-12-12,16600.0,16514.0
2017-12-13,15851.07,15678.66
2017-12-14,16098.95,16350.0
2017-12-15,17900.0,17636.98
2017-12-18,19116.11,18590.0
2017-12-19,17214.2,17622.26
2017-12-20,17253.0,16782.0
2017-12-21,16491.0,14700.94
2017-12-22,13449.1,13178.0
2017-12-26,14844.0,15787.88
2017-12-27,15570.11,14793.25
2017-12-28,13578.98,13736.43
2017-12-29,14290.0,14640.7
2018-01-02,13490.0,14732.75
2018-01-03,14764.73,14700.01
2018-01-04,14539.99,14895.19
2018-01-05,16090.7,16593.01
2018-01-08,15414.0,15196.55
2018-01-09,14726.0,14717.82
2018-01-10,13919.09,14349.98
2018-01-11,13385.1,13430.16
2018-01-12,13900.02,13717.0
2018-01-16,12140.0,11064.52
2018-01-17,9850.76,10390.0
2018-01-18,11413.78,11541.94
2018-01-19,11535.18,11160.5
2018-01-22,11240.0,10540.71
2018-01-23,10143.01,10952.98
2018-01-24,11111.0,11235.28
2018-01-25,11215.0,11237.57
2018-01-26,10510.0,10933.0
2018-01-29,11272.01,11283.81
2018-01-30,11050.34,10399.99
2018-01-31,10294.97,10114.27
2018-02-01,9591.45,8941.94
2018-02-02,8299.75,8699.72
2018-02-05,7572.32,6698.33
2018-02-06,6559.0,7544.93
2018-02-07,8138.05,8130.81
2018-02-08,8138.05,8130.81
2018-02-09,8288.03,8633.15
2018-02-12,8640.01,8792.76
2018-02-13,8525.08,8616.04
2018-02-14,8929.96,9239.36
2018-02-15,9560.01,10110.75
2018-02-16,9796.01,10030.66
2018-02-20,11408.88,11668.0
2018-02-21,10948.02,10385.5
2018-02-22,10260.0,10027.7
2018-02-23,10180.06,10033.0
2018-02-26,9708.0,10238.62
2018-02-27,10698.97,10697.0
2018-02-28,10574.13,10560.02
2018-03-01,10671.93,10880.0
2018-03-02,10898.95,10937.0
2018-03-05,11515.0,11669.08
2018-03-06,10936.0,10707.0
2018-03-07,10635.6,9844.18
2018-03-08,9902.98,9357.86
2018-03-09,8933.91,8770.0
2018-03-12,9837.04,8927.0
2018-03-13,9049.47,9069.3
2018-03-14,8675.08,8285.97
2018-03-15,8235.0,8203.03
2018-03-16,8182.07,8536.17
2018-03-19,8330.0,8395.81
2018-03-20,8517.44,8950.0
2018-03-21,9063.0,8862.92
2018-03-22,8645.0,8610.99
2018-03-23,8509.99,8623.99
2018-03-26,8089.0,7910.03
2018-03-27,7932.2,7886.0
2018-03-28,8040.0,7899.94
2018-03-29,7466.89,7341.0
2018-04-02,7046.0,6989.8
2018-04-03,7302.03,7467.11
2018-04-04,7055.0,6854.41
2018-04-05,6778.99,6760.96
2018-04-06,6600.0,6618.39
2018-04-09,6740.0,6672.08
2018-04-10,6735.0,6844.93
2018-04-11,6851.53,6910.63
2018-04-12,7685.55,7700.0
2018-04-13,8091.4,8094.0
2018-04-16,8086.0,7983.99
2018-04-17,8124.87,7874.01
2018-04-18,8104.0,8116.65
2018-04-19,8207.0,8249.95
2018-04-20,8515.0,8518.0
2018-04-23,8910.02,8847.37
2018-04-24,9294.59,9449.9
2018-04-25,9137.0,8969.98
2018-04-26,8858.51,8881.54
2018-04-27,9308.9,9089.0
2018-04-30,9276.0,9337.55
2018-05-01,8983.94,8979.52
2018-05-02,9170.15,9138.94
2018-05-03,9220.0,9666.01
2018-05-04,9760.33,9671.23
2018-05-07,9335.88,9430.49
2018-05-08,9200.0,9255.01
2018-05-09,9258.65,9289.25
2018-05-10,9344.0,9085.0
2018-05-11,8594.98,8600.96
2018-05-14,8415.02,8747.49
2018-05-15,8759.48,8554.99
2018-05-16,8355.0,8218.22
2018-05-17,8296.98,8172.0
2018-05-18,8110.04,8231.1
2018-05-21,8469.99,8368.18
2018-05-22,8205.01,8171.09
2018-05-23,7839.96,7589.99
2018-05-24,7361.98,7579.58
2018-05-25,7460.0,7416.01
2018-05-29,7403.98,7473.01
2018-05-30,7518.51,7314.98
2018-05-31,7531.0,7544.9
2018-06-01,7361.49,7440.14
2018-06-04,7505.0,7494.99
2018-06-05,7422.1,7621.01
2018-06-06,7615.02,7526.87
2018-06-07,7695.02,7695.12
2018-06-08,7558.99,7641.13
2018-06-11,6770.62,6747.65
2018-06-12,6831.68,6497.97
2018-06-13,6447.01,6273.87
2018-06-14,6529.71,6642.0
2018-06-15,6530.47,6536.8
2018-06-18,6419.63,6694.63
2018-06-19,6726.11,6742.03
2018-06-20,6626.6,6748.93
2018-06-21,6730.0,6714.04
2018-06-22,6351.0,6192.39
2018-06-25,6231.0,6255.7
2018-06-26,6228.0,6161.6
2018-06-27,6092.0,6133.0
2018-06-28,6108.0,6088.1
2018-06-29,5877.12,5883.02
2018-07-02,6344.0,6629.0
2018-07-03,6576.51,6601.54
2018-07-05,6613.52,6510.32
2018-07-06,6526.42,6570.01
2018-07-09,6718.02,6709.0
2018-07-10,6365.06,6376.13
2018-07-11,6374.94,6344.59
2018-07-12,6165.76,6173.98
2018-07-13,6250.55,6178.0
2018-07-16,6631.12,6676.48
2018-07-17,6675.76,7289.64
2018-07-18,7418.02,7396.99
2018-07-19,7419.65,7448.78
2018-07-20,7504.0,7350.05
2018-07-23,7695.0,7755.0
2018-07-24,8257.98,8266.24
2018-07-25,8184.6,8166.98
2018-07-26,8255.29,8264.27
2018-07-27,7934.69,8221.63
2018-07-30,8155.04,8120.0
2018-07-31,7980.01,7750.65
2018-08-01,7569.78,7564.84
2018-08-02,7562.42,7537.43
2018-08-03,7359.93,7375.85
2018-08-06,6979.62,6942.89
2018-08-07,7087.52,7002.06
2018-08-08,6512.67,6335.0
2018-08-09,6315.81,6466.21
2018-08-10,6328.0,6399.0
2018-08-13,6441.35,6234.76
2018-08-14,6000.98,6073.56
2018-08-15,6350.54,6369.97
2018-08-16,6434.82,6409.31
2018-08-17,6463.42,6493.48
2018-08-20,6447.62,6449.96
2018-08-21,6431.13,6436.29
2018-08-22,6671.93,6438.2
2018-08-23,6406.61,6417.3
2018-08-24,6537.04,6623.56
2018-08-27,6713.01,6744.77
2018-08-28,7030.0,7088.97
2018-08-29,7090.0,6999.99
2018-08-30,6873.99,6809.98
2018-08-31,6967.68,7047.48
2018-09-04,7344.17,7356.0
2018-09-05,6991.02,6912.76
2018-09-06,6409.41,6474.88
2018-09-07,6367.0,6418.99
2018-09-10,6313.0,6296.73
2018-09-11,6280.77,6268.0
2018-09-12,6243.76,6312.77
2018-09-13,6467.5,6447.76
2018-09-14,6458.52,6531.0
2018-09-17,6473.05,6270.0
2018-09-18,6287.65,6302.0
2018-09-19,6286.42,6410.2
2018-09-20,6425.03,6420.01
2018-09-21,6742.23,6749.13
2018-09-24,6577.05,6619.9
2018-09-25,6409.98,6363.92
2018-09-26,6528.64,6492.11
2018-09-27,6488.93,6669.36
2018-09-28,6657.73,6684.0
2018-10-01,6595.0,6587.91
2018-10-02,6572.48,6564.11
2018-10-03,6496.12,6478.89
2018-10-04,6570.0,6611.09
2018-10-05,6589.6,6595.5
2018-10-08,6647.78,6695.33
2018-10-09,6644.67,6656.49
2018-10-10,6590.06,6635.96
2018-10-11,6278.7,6298.12
2018-10-12,6309.49,6320.52
2018-10-15,6982.28,6741.0
2018-10-16,6796.38,6729.01
2018-10-17,6728.56,6716.96
2018-10-18,6715.86,6636.03
2018-10-19,6586.63,6555.38
2018-10-22,6594.5,6560.14
2018-10-23,6541.86,6576.52
2018-10-24,6600.53,6578.82
2018-10-25,6544.99,6551.28
2018-10-26,6557.93,6544.99
2018-10-29,6427.41,6336.1
2018-10-30,6360.33,6332.0
2018-10-31,6331.88,6371.37
2018-11-01,6368.17,6379.68
2018-11-02,6421.08,6430.99
2018-11-05,6454.15,6448.12
2018-11-06,6470.15,6479.87
2018-11-07,6577.63,6570.0
2018-11-08,6529.8,6495.72
2018-11-09,6425.81,6434.03
2018-11-12,6439.28,6458.64
2018-11-13,6446.35,6461.3
2018-11-14,6381.88,5863.94
2018-11-15,5590.08,5690.39
2018-11-16,5669.8,5627.5
2018-11-19,5332.29,5072.14
2018-11-20,4511.32,4673.93
2018-11-21,4624.13,4543.99
2018-11-23,4396.39,4372.45
2018-11-26,4057.89,3904.15
2018-11-27,3755.6,3821.99
2018-11-28,4089.35,4332.17
2018-11-29,4383.7,4245.02
2018-11-30,4020.04,4036.34
2018-12-03,4025.33,3871.41
2018-12-04,3996.28,3960.0
2018-12-06,3816.54,3694.44
2018-12-07,3396.65,3492.66
2018-12-10,3511.78,3402.89
2018-12-11,3380.69,3370.28
2018-12-12,3436.99,3445.81
2018-12-13,3384.26,3345.47
2018-12-14,3287.61,3220.55
2018-12-17,3271.86,3535.61
2018-12-18,3490.85,3536.07
2018-12-19,3818.45,3751.4
2018-12-20,3974.77,4012.82
2018-12-21,3995.28,3806.27
2018-12-24,4105.97,4012.49
2018-12-26,3722.65,3769.95
2018-12-27,3723.16,3577.77
2018-12-28,3607.0,3819.54
2018-12-31,3725.42,3687.47
2019-01-02,3788.81,3824.98
2019-01-03,3803.31,3756.0
2019-01-04,3754.05,3739.53
2019-01-07,3976.78,3988.52
2019-01-08,4002.32,3976.12
2019-01-09,3985.52,3978.34
2019-01-10,3738.01,3596.12
2019-01-11,3593.57,3606.15
2019-01-14,3488.8,3638.08
2019-01-15,3612.1,3604.14
2019-01-16,3589.08,3576.4
2019-01-17,3580.3,3604.95
2019-01-18,3599.08,3587.91
2019-01-22,3535.15,3578.46
2019-01-23,3577.8,3533.4
2019-01-24,3562.15,3574.93
2019-01-25,3541.97,3553.21
2019-01-28,3427.59,3424.39
2019-01-29,3385.34,3419.44
2019-01-30,3429.62,3458.77
2019-01-31,3427.79,3434.28
2019-02-01,3460.56,3474.52
2019-02-04,3436.39,3469.03
2019-02-05,3469.89,3463.81
2019-02-06,3399.79,3398.39
2019-02-07,3407.81,3399.55
2019-02-08,3430.0,3668.3
2019-02-11,3626.16,3643.95
2019-02-12,3610.75,3640.95
2019-02-13,3613.79,3602.95
2019-02-14,3584.94,3605.69
2019-02-15,3607.95,3596.07
2019-02-19,3898.95,3967.21
2019-02-20,3960.0,3956.0
2019-02-21,3931.5,3925.94
2019-02-22,3958.95,3965.35
2019-02-25,3791.31,3855.39
2019-02-26,3808.62,3814.49
2019-02-27,3826.0,3813.93
2019-02-28,3833.46,3821.11
2019-03-01,3828.58,3845.01
2019-03-04,3707.58,3718.17
2019-03-05,3739.58,3855.71
2019-03-06,3862.55,3855.5
2019-03-07,3866.01,3880.01
2019-03-08,3891.39,3920.43
2019-03-11,3873.48,3855.66
2019-03-12,3885.09,3881.33
2019-03-13,3856.08,3870.12
2019-03-14,3859.57,3873.47
2019-03-15,3913.52,3932.37
2019-03-18,3971.0,3979.17
2019-03-19,3987.37,4006.62
2019-03-20,4010.91,4022.45
2019-03-21,4044.62,3979.42
2019-03-22,3987.13,3996.38
2019-03-25,3987.2,3922.22
2019-03-26,3919.35,3933.02
2019-03-27,4033.25,4020.12
2019-03-28,4016.57,4024.89
2019-03-29,4120.18,4085.0
2019-04-01,4128.68,4137.45
2019-04-02,4722.45,4729.0
2019-04-03,4920.39,5108.57
2019-04-04,4971.87,4813.73
2019-04-05,4985.46,4978.62
2019-04-08,5046.16,5155.05
2019-04-09,5152.94,5165.8
2019-04-10,5197.01,5363.83
2019-04-11,5001.01,5043.82
2019-04-12,5041.36,5031.79
2019-04-15,5103.35,5005.84
2019-04-16,5053.49,5158.14
2019-04-17,5217.56,5210.49
2019-04-18,5218.82,5264.38
2019-04-22,5275.0,5354.67
2019-04-23,5513.97,5568.08
2019-04-24,5385.63,5399.75
2019-04-25,5441.81,5468.38
2019-04-26,5333.3,5260.61
2019-04-29,5279.41,5239.89
2019-04-30,5282.32,5292.53
2019-05-01,5363.42,5367.41
2019-05-02,5444.72,5506.98
2019-05-03,5750.07,5757.84
2019-05-06,5701.67,5790.41
2019-05-07,5945.8,5922.87
2019-05-08,5936.0,5951.65
2019-05-09,6087.78,6135.25
2019-05-10,6307.22,6410.57
2019-05-13,7225.24,7844.36
2019-05-14,8057.18,7740.75
2019-05-15,7946.71,8167.0
2019-05-16,7870.0,7858.68
2019-05-17,7154.18,7136.72
2019-05-20,7832.5,7801.0
2019-05-21,7847.92,7966.45
2019-05-22,7802.95,7901.69
2019-05-23,7588.04,7759.18
2019-05-24,7978.65,8023.88
2019-05-28,8734.35,8689.64
2019-05-29,8621.0,8677.51
2019-05-30,8724.54,8620.22
2019-05-31,8284.09,8442.75
2019-06-03,8505.1,8570.88
2019-06-04,7943.56,7621.46
2019-06-05,7790.75,7783.05
2019-06-06,7831.96,7595.86
2019-06-07,7892.76,7937.85
2019-06-10,7902.67,7945.81
2019-06-11,7767.55,7868.87
2019-06-12,7967.91,8118.56
2019-06-13,8087.59,8225.41
2019-06-14,8256.59,8385.88
2019-06-17,9249.6,9278.2
2019-06-18,9174.16,9073.65
2019-06-19,9137.73,9132.33
2019-06-20,9250.08,9497.5
2019-06-21,9807.66,9890.28
2019-06-24,10937.34,10944.73
2019-06-25,11418.37,11411.95
2019-06-26,12693.77,13960.76
2019-06-27,12255.58,11022.01
2019-06-28,12178.81,12368.43
2019-07-01,11020.87,10258.02
2019-07-02,9993.96,10784.0
2019-07-03,11166.54,11257.82
2019-07-05,11177.11,11111.55
2019-07-08,11882.69,12185.57
2019-07-09,12257.56,12494.73
2019-07-10,12970.97,12070.96
2019-07-11,11602.59,11562.07
2019-07-12,11654.67,11590.0
2019-07-15,10299.23,10844.45
2019-07-16,10682.74,9694.73
2019-07-17,9157.04,9731.54
2019-07-18,9751.31,10486.53
2019-07-19,10282.77,10393.6
2019-07-22,10559.64,10162.66
2019-07-23,10025.0,10149.29
2019-07-24,9721.5,9650.99
2019-07-25,10066.18,9857.82
2019-07-26,9791.33,9839.0
2019-07-29,9484.51,9487.63
2019-07-30,9524.81,9598.52
2019-07-31,9758.1,9979.89
2019-08-01,9962.86,10283.73
2019-08-02,10467.08,10444.41
2019-08-05,11776.52,11752.44
2019-08-06,11775.79,11710.0
2019-08-07,11743.09,11792.77
2019-08-08,11825.67,11615.82
2019-08-09,11705.03,11837.18
2019-08-12,11328.01,11443.89
2019-08-13,11280.12,10936.18
2019-08-14,10554.72,10137.77
2019-08-15,10160.14,10106.68
2019-08-16,10146.73,10451.75
2019-08-19,10670.77,10685.88
2019-08-20,10708.82,10734.1
2019-08-21,10179.01,10106.28
2019-08-22,9966.68,10161.22
2019-08-23,10115.9,10403.81
2019-08-26,10389.59,10325.0
2019-08-27,10130.63,10164.01
2019-08-28,10146.42,9683.94
2019-08-29,9466.45,9509.04
2019-08-30,9572.26,9571.66
2019-09-03,10424.5,10647.37
2019-09-04,10520.96,10695.23
2019-09-05,10567.51,10533.0
2019-09-06,10834.37,10372.75
2019-09-09,10413.28,10312.7
2019-09-10,10251.22,10026.31
2019-09-11,10063.07,10074.46
2019-09-12,10169.45,10300.63
2019-09-13,10306.84,10210.6
2019-09-16,10282.4,10121.39
2019-09-17,10162.84,10257.94
2019-09-18,10156.86,10171.84
2019-09-19,9857.56,10086.42
2019-09-20,10173.82,10161.53
2019-09-23,9916.35,9806.08
2019-09-24,9726.04,8367.78
2019-09-25,8324.15,8348.64
2019-09-26,8386.39,8131.0
2019-09-27,7988.18,7991.24
2019-09-30,8033.33,8269.53
2019-10-01,8353.35,8302.6
2019-10-02,8268.67,8257.26
2019-10-03,8218.66,8146.04
2019-10-04,8150.59,8183.5
2019-10-07,7984.78,8211.0
2019-10-08,8179.01,8163.38
2019-10-09,8185.88,8581.98
2019-10-10,8526.02,8554.13
2019-10-11,8299.43,8344.01
2019-10-14,8280.08,8327.96
2019-10-15,8295.87,8177.59
2019-10-16,8055.66,7957.69
2019-10-17,8066.66,8059.92
2019-10-18,7920.6,7941.55
2019-10-21,8234.89,8183.16
2019-10-22,8276.17,8167.91
2019-10-23,7962.23,7482.9
2019-10-24,7421.09,7471.3
2019-10-25,7578.0,8634.87
2019-10-28,9407.91,9397.73
2019-10-29,9434.93,9225.09
2019-10-30,9096.23,9202.09
2019-10-31,9109.53,9211.04
2019-11-01,9164.56,9170.49
2019-11-04,9260.2,9262.63
2019-11-05,9286.04,9388.57
2019-11-06,9369.1,9293.5
2019-11-07,9197.53,9201.23
2019-11-08,9026.27,8807.26
2019-11-11,8726.17,8763.76
2019-11-12,8748.77,8774.51
2019-11-13,8773.1,8778.4
2019-11-14,8636.12,8649.02
2019-11-15,8630.5,8485.57
2019-11-18,8443.9,8213.95
2019-11-19,8074.42,8109.63
2019-11-20,8089.06,8088.62
2019-11-21,7869.66,7629.81
2019-11-22,7102.88,7297.91
2019-11-25,6879.02,7192.7
2019-11-26,7170.41,7076.69
2019-11-27,7147.85,7563.81
2019-11-29,7514.23,7711.93
2019-12-02,7297.91,7273.98
2019-12-03,7263.97,7320.98
2019-12-04,7200.62,7479.55
2019-12-05,7369.36,7374.81
2019-12-06,7338.68,7433.09
2019-12-09,7471.24,7374.3
2019-12-10,7341.75,7231.23
2019-12-11,7227.36,7200.23
2019-12-12,7192.93,7204.73
2019-12-13,7221.29,7253.87
2019-12-16,7091.92,6902.16
2019-12-17,6935.13,6619.71
2019-12-18,6615.24,6956.86
2019-12-19,7150.56,7177.05
2019-12-20,7149.87,7184.15
2019-12-23,7553.03,7432.07
2019-12-24,7373.55,7253.77
2019-12-26,7189.06,7301.38
2019-12-27,7136.38,7216.1
2019-12-30,7314.74,7240.99
2019-12-31,7243.64,7173.32
2020-01-02,7139.73,6983.27
2020-01-03,7340.46,7343.08
2020-01-06,7544.72,7539.9
2020-01-07,7895.13,8073.69
2020-01-08,8332.2,7963.35
2020-01-09,7878.02,7917.54
2020-01-10,7841.03,8059.49
2020-01-13,8076.86,8111.83
2020-01-14,8526.87,8767.56
2020-01-15,8730.0,8761.57
2020-01-16,8724.82,8705.0
2020-01-17,8903.53,8879.71
2020-01-21,8656.76,8531.86
2020-01-22,8659.0,8670.39
2020-01-23,8422.98,8370.98
2020-01-24,8413.42,8498.76
2020-01-27,8735.67,8932.12
2020-01-28,9081.34,9010.86
2020-01-29,9303.16,9393.98
2020-01-30,9338.21,9506.82
2020-01-31,9328.39,9302.67
2020-02-03,9352.0,9316.7
2020-02-04,9182.81,9186.37
2020-02-05,9419.17,9655.99
2020-02-06,9698.66,9747.29
2020-02-07,9810.01,9775.59
2020-02-10,9821.41,9829.56
2020-02-11,9801.02,10247.73
2020-02-12,10343.4,10313.47
2020-02-13,10151.66,10250.31
2020-02-14,10269.52,10341.64
2020-02-18,9703.85,10043.49
2020-02-19,9703.85,10139.22
2020-02-20,9565.49,9551.96
2020-02-21,9694.56,9681.84
2020-02-24,9811.98,9601.09
2020-02-25,9626.43,9359.95
2020-02-26,9158.36,8831.14
2020-02-27,8804.27,8915.34
2020-02-28,8586.43,8577.21
2020-03-02,8758.39,8883.12
2020-03-03,8858.45,8713.97
2020-03-04,8717.21,8739.58
2020-03-05,9100.59,9150.9
2020-03-06,9129.12,9085.12
2020-03-09,7803.64,7842.03
2020-03-10,8064.83,7978.8
2020-03-11,7821.68,7828.23
2020-03-12,6064.27,6037.45
2020-03-13,5403.56,5391.08
2020-03-16,4565.63,4939.25
2020-03-17,5266.9,5375.11
2020-03-18,5141.48,5328.51
2020-03-19,5622.15,6215.57
2020-03-20,6659.99,6187.59
2020-03-23,5842.14,6266.28
2020-03-24,6733.16,6697.39
2020-03-25,6522.0,6622.38
2020-03-26,6603.41,6657.93
2020-03-27,6620.59,6657.02
2020-03-30,6355.55,6366.74
2020-03-31,6387.73,6463.47
2020-04-01,6297.0,6200.81
2020-04-02,6690.6,6803.25
2020-04-03,7004.94,6768.15
2020-04-06,7099.01,7265.86
2020-04-07,7381.03,7287.55
2020-04-08,7292.26,7306.09
2020-04-09,7184.0,7262.85
2020-04-13,6771.01,6772.74
2020-04-14,6827.78,6918.18
2020-04-15,6782.86,6730.01
2020-04-16,7023.98,7070.79
2020-04-17,7075.23,7072.71
2020-04-20,6965.42,6768.88
2020-04-21,6792.79,6864.92
2020-04-22,6955.81,7085.57
2020-04-23,7133.89,7522.01
2020-04-24,7494.03,7521.58
2020-04-27,7717.89,7698.32
2020-04-28,7728.62,7717.04
2020-04-29,8126.97,8721.22
2020-04-30,8837.98,8836.01
2020-05-01,8995.73,8727.82
2020-05-04,8672.57,8830.14
2020-05-05,8845.64,8905.0
2020-05-06,9313.96,9237.73
2020-05-07,9280.05,9863.93
2020-05-08,9899.35,9945.99
2020-05-11,8926.17,8746.86
2020-05-12,8800.91,8792.19
2020-05-13,9036.38,9151.24
2020-05-14,9686.71,9660.0
2020-05-15,9593.53,9337.83
2020-05-18,9634.89,9701.7
2020-05-19,9752.24,9644.13
2020-05-20,9731.22,9531.99
2020-05-21,9389.97,9065.53
2020-05-22,9166.0,9173.72
2020-05-26,8869.32,8800.0
2020-05-27,9148.87,9159.99
2020-05-28,9267.22,9452.25
2020-05-29,9403.98,9404.98
2020-06-01,9512.8,9572.48
2020-06-02,10116.68,9508.83
2020-06-03,9617.92,9577.18
2020-06-04,9622.18,9817.64
2020-06-05,9697.79,9725.0
2020-06-08,9742.68,9694.65
2020-06-09,9721.23,9731.15
2020-06-10,9728.41,9852.18
2020-06-11,9787.58,9280.93
2020-06-12,9495.6,9431.21
2020-06-15,9117.69,9418.57
2020-06-16,9509.17,9507.52
2020-06-17,9478.61,9300.83
2020-06-18,9432.67,9397.99
2020-06-19,9385.84,9307.37
2020-06-22,9459.84,9563.47
2020-06-23,9634.09,9640.48
2020-06-24,9331.32,9299.0
2020-06-25,9255.79,9287.06
2020-06-26,9189.38,9166.8
2020-06-29,9097.37,9158.1
2020-06-30,9148.89,9134.73
2020-07-01,9159.06,9240.01
2020-07-02,9196.79,9055.15
2020-07-06,9223.0,9289.65
2020-07-07,9270.52,9238.5
2020-07-08,9309.83,9430.0
2020-07-09,9401.7,9218.14
2020-07-10,9161.49,9235.57
2020-07-13,9309.03,9235.07
2020-07-14,9232.81,9268.92
2020-07-15,9219.22,9185.46
2020-07-16,9081.62,9126.13
2020-07-17,9138.92,9164.75
2020-07-20,9147.72,9158.65
2020-07-21,9344.64,9354.35
2020-07-22,9344.69,9373.88
2020-07-23,9507.01,9595.8
2020-07-24,9532.09,9581.76
2020-07-27,10255.93,10792.0
2020-07-28,10983.89,10993.97
2020-07-29,11101.0,11204.59
2020-07-30,10925.82,11116.82
2020-07-31,11218.86,11317.26
2020-08-03,11231.15,11399.46
2020-08-04,11117.91,11221.37
2020-08-05,11438.07,11645.0
2020-08-06,11692.49,11863.72
2020-08-07,11755.31,11489.0
2020-08-10,11733.13,11863.03
2020-08-11,11741.47,11387.05
2020-08-12,11460.44,11568.98
2020-08-13,11552.12,11506.17
2020-08-14,11760.81,11801.94
2020-08-17,11908.67,12328.53
2020-08-18,12165.76,11982.0
2020-08-19,11842.15,11649.84
2020-08-20,11817.14,11843.09
2020-08-21,11715.6,11670.83
2020-08-24,11793.04,11748.39
2020-08-25,11614.44,11294.0
2020-08-26,11378.59,11460.05
2020-08-27,11310.01,11244.09
2020-08-28,11471.99,11498.13
2020-08-31,11680.72,11725.0
2020-09-01,11868.98,11957.41
2020-09-02,11406.01,11389.21
2020-09-03,11208.01,10682.69
2020-09-04,10422.52,10570.13
2020-09-08,9981.74,9991.21
2020-09-09,10221.47,10276.77
2020-09-10,10292.61,10270.01
2020-09-11,10252.6,10323.2
2020-09-14,10469.92,10665.0
2020-09-15,10821.15,10783.36
2020-09-16,10899.0,10982.2
2020-09-17,10877.65,10916.63
2020-09-18,10977.4,10866.55
2020-09-21,10636.46,10498.55
2020-09-22,10452.11,10491.97
2020-09-23,10474.46,10293.0
2020-09-24,10410.0,10653.82
2020-09-25,10630.0,10718.31
2020-09-28,10877.91,10869.0
2020-09-29,10758.91,10737.49
2020-09-30,10680.53,10706.48
2020-10-01,10903.16,10617.74
2020-10-02,10436.63,10515.04
2020-10-05,10666.53,10730.78
2020-10-06,10697.19,10571.36
2020-10-07,10600.41,10650.34
2020-10-08,10606.17,10878.83
2020-10-09,11050.44,11034.28
2020-10-12,11244.41,11546.93
2020-10-13,11486.37,11387.83
2020-10-14,11362.93,11342.25
2020-10-15,11315.38,11520.93
2020-10-16,11369.27,11308.11
2020-10-19,11477.0,11689.99
2020-10-20,11778.85,11912.35
2020-10-21,12334.36,12680.75
2020-10-22,12967.01,13072.48
2020-10-23,12968.96,12918.99
2020-10-26,13145.01,13004.5
2020-10-27,13449.8,13656.89
2020-10-28,13318.33,13165.31
2020-10-29,13051.68,13492.51
2020-10-30,13347.8,13536.44
2020-11-02,13402.18,13553.65
2020-11-03,13532.15,13721.27
2020-11-04,13721.0,14102.26
2020-11-05,14717.61,15120.88
2020-11-06,15572.35,15435.99
2020-11-09,15802.4,15360.0
2020-11-10,15279.24,15297.94
2020-11-11,15574.48,15807.58
2020-11-12,15762.55,16063.81
2020-11-13,16225.0,16282.0
2020-11-16,16235.67,16779.01
2020-11-17,16994.11,17685.22
2020-11-18,18249.99,17659.9
2020-11-19,17765.32,17955.8
2020-11-20,18263.69,18627.38
2020-11-23,18567.7,18444.44
2020-11-24,19064.99,19160.01
2020-11-25,19281.55,18981.29
2020-11-27,16789.46,16803.14
2020-11-30,18600.94,19259.98
2020-12-01,19425.4,19069.79
2020-12-02,19127.31,19101.1
2020-12-03,19396.49,19414.29
2020-12-04,18834.48,19038.73
2020-12-07,19103.79,18967.01
2020-12-08,18762.95,18795.74
2020-12-09,18244.94,18260.03
2020-12-10,18192.5,18403.1
2020-12-11,17647.71,17977.0
2020-12-14,19106.43,19175.88
2020-12-15,19293.54,19530.38
2020-12-16,19739.78,20736.87
2020-12-17,22752.15,22899.08
2020-12-18,22886.18,22762.28
2020-12-21,22646.7,22816.62
2020-12-22,23119.47,23404.27
2020-12-23,23064.01,23556.91
2020-12-24,23218.67,23287.15
2020-12-28,26859.07,26996.74
2020-12-29,26874.55,26931.62
2020-12-30,27836.95,28776.46
2020-12-31,28910.29,28897.83
2021-01-04,30742.99,31665.51
2021-01-05,31776.66,33697.75
2021-01-06,34918.54,34816.72
2021-01-07,37825.64,39062.0
2021-01-08,41286.67,40365.09
2021-01-11,34198.55,32254.62
2021-01-12,35410.99,34685.11
2021-01-13,34385.48,36002.25
2021-01-14,38365.86,39876.98
2021-01-15,38108.87,35217.26
2021-01-19,37263.73,36279.82
2021-01-20,34426.17,35197.12
2021-01-21,32206.89,32468.66
2021-01-22,31712.09,33589.52
2021-01-25,33185.25,33411.54
2021-01-26,31798.65,32208.33
2021-01-27,30635.74,30740.33
2021-01-28,31437.37,32564.71
2021-01-29,37023.83,34318.57
2021-02-01,34183.33,33838.13
2021-02-02,34722.97,35762.03
2021-02-03,35969.41,36788.89
2021-02-04,37319.43,37467.18
2021-02-05,37691.32,37608.92
2021-02-08,39423.08,43051.95
2021-02-09,46390.95,47060.18
2021-02-10,46586.55,45190.05
2021-02-11,46061.48,47754.03
2021-02-12,47560.06,47272.95
2021-02-16,48915.49,48537.39
2021-02-17,51270.86,52142.35
2021-02-18,51375.12,51760.01
2021-02-19,52709.99,54990.01
2021-02-22,54515.0,53581.69
2021-02-23,46359.14,45523.0
2021-02-24,50360.02,48959.93
2021-02-25,50299.0,49443.86
2021-02-26,46427.65,46959.17
2021-03-01,47722.42,48262.83
2021-03-02,48844.14,47467.43
2021-03-03,51665.83,50857.17
2021-03-04,49323.31,48000.36
2021-03-05,47478.86,49295.47
2021-03-08,50490.39,51310.82
2021-03-09,54235.88,54108.79
2021-03-10,54858.47,56739.4
2021-03-11,56233.42,56827.84
2021-03-12,56499.99,56942.41
2021-03-15,56150.8,56570.36
2021-03-16,55464.11,55731.36
2021-03-17,54840.01,57867.42
2021-03-18,58168.69,57293.79
2021-03-19,58831.34,58826.56
2021-03-22,57713.79,55524.99
2021-03-23,54249.8,55008.46
2021-03-24,56536.08,54736.53
2021-03-25,52163.2,52195.19
2021-03-26,52710.95,53778.55
2021-03-29,57854.14,57676.42
2021-03-30,59240.33,59060.0
2021-03-31,58015.02,58553.12
2021-04-01,58584.32,58918.99
2021-04-05,57756.36,59005.2
2021-04-06,58541.34,58225.0
2021-04-07,56320.47,56153.83
2021-04-08,56421.17,57734.94
2021-04-09,58527.2,58370.59
2021-04-12,60241.5,60090.41
2021-04-13,62942.21,62997.02
2021-04-14,64509.48,62150.04
2021-04-15,62359.11,63363.29
2021-04-16,60853.8,61713.43
2021-04-19,57107.41,55930.94
2021-04-20,56266.83,56572.44
2021-04-21,54563.36,55478.7
2021-04-22,54866.63,52923.54
2021-04-23,50070.36,50876.72
2021-04-26,53598.39,54036.19
2021-04-27,55152.43,54761.7
2021-04-28,54853.26,55411.97
2021-04-29,54300.16,52860.02
2021-04-30,54230.64,57007.38
2021-05-03,58657.64,57564.87
2021-05-04,56143.43,54541.13
2021-05-05,55108.95,57136.04
2021-05-06,57988.0,56128.42
2021-05-07,56464.74,57584.01
2021-05-10,58070.63,55733.76
2021-05-11,55210.47,56608.94
2021-05-12,56421.45,54432.39
2021-05-13,49777.01,48568.85
2021-05-14,50538.13,50138.09
2021-05-17,45733.55,44197.73
2021-05-18,45318.76,43262.71
2021-05-19,38700.0,39342.93
2021-05-20,40476.68,40116.04
2021-05-21,41124.3,36062.12
2021-05-24,37600.01,39606.1
2021-05-25,36537.17,37292.69
2021-05-26,39850.66,38485.1
2021-05-27,39690.0,38768.35
2021-05-28,35351.65,35789.3
2021-06-01,36596.63,35973.87
2021-06-02,37203.08,37884.57
2021-06-03,38781.75,38596.64
2021-06-04,36585.67,36800.99
2021-06-07,36376.47,35634.46
2021-06-08,33084.43,32864.18
2021-06-09,34972.42,36260.45
2021-06-10,37819.27,36675.09
2021-06-11,37378.82,37246.77
2021-06-14,39166.33,39716.06
2021-06-15,39839.9,39958.01
2021-06-16,39080.01,38680.11
2021-06-17,39148.26,37702.53
2021-06-18,37818.57,35327.24
2021-06-21,32530.68,32563.89
2021-06-22,31236.53,32404.06
2021-06-23,33911.4,32879.97
2021-06-24,33850.78,34857.73
2021-06-25,33311.96,32220.74
2021-06-28,34107.2,34441.77
2021-06-29,35555.64,36382.39
2021-06-30,34849.99,34743.56
2021-07-01,33717.52,33091.48
2021-07-02,33023.35,33327.71
2021-07-06,34067.31,34019.99
2021-07-07,34827.97,34628.72
2021-07-08,32696.43,33003.52
2021-07-09,32774.99,33445.31
2021-07-12,33530.0,32822.85
2021-07-13,33042.61,32309.69
2021-07-14,32450.95,32729.76
2021-07-15,31880.5,31533.62
2021-07-16,31086.52,31911.34
2021-07-19,31267.84,30744.97
2021-07-20,29693.63,29780.86
2021-07-21,31534.12,31627.57
2021-07-22,31913.64,32376.93
2021-07-23,32296.51,32248.63
2021-07-26,38473.61,39365.15
2021-07-27,38064.87,37800.49
2021-07-28,40750.84,40388.61
2021-07-29,39769.99,39659.84
2021-07-30,38650.0,39853.72
2021-08-02,39542.43,39177.85
2021-08-03,38490.02,38011.37
2021-08-04,38160.06,39752.17
2021-08-05,38008.45,40692.24
2021-08-06,40507.56,42901.17
2021-08-09,45930.01,45979.85
2021-08-10,45345.05,45495.73
2021-08-11,45922.33,46448.0
2021-08-12,44752.56,44371.32
2021-08-13,46138.46,46459.86
2021-08-16,47516.95,46092.99
2021-08-17,46845.15,45465.01
2021-08-18,44746.6,44901.12
2021-08-19,44215.24,46710.0
2021-08-20,46922.34,48684.16
2021-08-23,50394.85,49239.69
2021-08-24,49430.0,48243.2
2021-08-25,47570.01,48652.14
2021-08-26,46835.9,46939.75
2021-08-27,47453.82,48293.69
2021-08-30,47902.76,48619.99
2021-08-31,47969.51,47300.01
2021-09-01,47713.3,48150.0
2021-09-02,50072.61,49340.05
2021-09-03,50168.55,50528.49
2021-09-07,50943.75,46694.59
2021-09-08,46394.82,46436.32
2021-09-09,46293.15,46574.75
2021-09-10,46331.85,45649.78
2021-09-13,44859.24,44741.66
2021-09-14,45973.79,46474.89
2021-09-15,47560.74,48075.44
2021-09-16,47895.01,47430.01
2021-09-17,47403.56,47501.68
2021-09-20,43734.0,43850.25
2021-09-21,43288.97,42013.63
2021-09-22,41928.31,43384.9
2021-09-23,43648.15,44767.57
2021-09-24,41527.5,42371.43
2021-09-27,43747.68,43011.82
2021-09-28,42105.61,41601.99
2021-09-29,42399.98,41207.86
2021-09-30,43072.29,43532.31
2021-10-01,47488.07,48030.0
2021-10-04,47585.84,49380.0
2021-10-05,49877.06,51190.11
2021-10-06,51306.57,55049.99
2021-10-07,54305.53,53962.76
2021-10-08,55242.71,54686.48
2021-10-11,56406.68,57488.33
2021-10-12,57240.14,55329.78
2021-10-13,55210.8,57259.77
2021-10-14,57622.42,57833.12
2021-10-15,59527.99,61446.32
2021-10-18,60933.04,61434.63
2021-10-19,62128.39,64177.15
2021-10-20,63788.0,66397.59
2021-10-21,64836.51,62802.07
2021-10-22,63376.81,61032.7
2021-10-25,62759.19,62688.0
2021-10-26,62739.99,62000.0
2021-10-27,58564.0,59062.32
2021-10-28,60960.62,61289.13
2021-10-29,60940.9,62545.11
2021-11-01,61808.0,61435.98
2021-11-02,62913.3,63576.05
2021-11-03,63107.29,62800.0
2021-11-04,61447.23,61249.34
2021-11-05,61259.63,61090.69
2021-11-08,66037.21,65835.01
2021-11-09,67594.98,66800.21
2021-11-10,66546.81,66650.99
2021-11-11,65255.87,65119.99
2021-11-12,63753.19,63845.01
2021-11-15,65734.45,64265.9
2021-11-16,60576.76,60204.47
2021-11-17,60762.33,60212.49
2021-11-18,59213.49,57928.0
2021-11-19,56987.25,58033.05
2021-11-22,57180.52,55993.03
2021-11-23,56147.19,57778.2
2021-11-24,56613.64,56825.13
2021-11-26,53719.31,54326.76
2021-11-29,56883.29,57880.67
2021-11-30,57602.45,57629.99
2021-12-01,57160.66,57427.9
2021-12-02,56309.51,56616.28
2021-12-03,56959.77,53838.65
2021-12-06,48577.78,49103.0
2021-12-07,51456.21,50884.48
2021-12-08,49186.5,50423.21
2021-12-09,49160.54,47613.53
2021-12-10,48711.0,48098.84
2021-12-13,48845.0,46739.36
2021-12-14,47617.99,46859.4
2021-12-15,48132.54,48674.9
2021-12-16,49207.79,47866.01
2021-12-17,47112.43,46765.66
2021-12-20,46092.6,46585.55
2021-12-21,48866.92,48619.79
2021-12-22,48981.98,48931.99
2021-12-23,48354.76,51109.99
2021-12-27,50759.46,51204.64
2021-12-28,49200.39,47689.46
2021-12-29,47737.96,47148.61
2021-12-30,47515.45,47558.35
2021-12-31,47975.76,45728.28
2022-01-03,47378.0,46360.01
2022-01-04,46733.78,46052.36
2022-01-05,46271.0,44685.93
2022-01-06,42878.33,43438.1
2022-01-07,42258.62,41775.38
2022-01-10,41565.33,41297.15
2022-01-11,41809.99,42972.05
2022-01-12,42935.92,43743.11
2022-01-13,43603.58,42700.67
2022-01-14,42012.94,43077.93
2022-01-18,41854.13,41699.61
2022-01-19,42033.0,41873.79
2022-01-20,42129.45,42917.32
2022-01-21,38898.19,37984.12
2022-01-24,33697.12,36066.4
2022-01-25,36406.0,37067.13
2022-01-26,38072.77,37579.9
2022-01-27,36679.98,36209.2
2022-01-28,36447.67,37222.86
2022-01-31,37265.15,38415.79
2022-02-01,38425.05,38378.09
2022-02-02,38490.0,37566.56
2022-02-03,36785.0,36551.7
2022-02-04,37810.0,40727.91
2022-02-07,42720.03,44252.8
2022-02-08,43988.3,42998.65
2022-02-09,43715.46,44463.43
2022-02-10,44834.09,44373.97
2022-02-11,43357.53,42742.63
2022-02-14,42112.71,42119.31
2022-02-15,44233.6,43993.95
2022-02-16,44173.15,44220.0
2022-02-17,43164.05,41201.62
2022-02-18,40178.95,40216.8
2022-02-22,37519.47,38065.32
2022-02-23,38782.91,37615.81
2022-02-24,35442.23,37300.0
2022-02-25,38745.0,38676.14
2022-02-28,38333.65,41329.44
2022-03-01,43609.96,43719.49
2022-03-02,44103.29,43704.42
2022-03-03,43382.23,42226.74
2022-03-04,41662.06,39782.13
2022-03-07,38337.05,37308.94
2022-03-08,38983.05,38764.88
2022-03-09,42151.65,42204.65
2022-03-10,39076.39,39430.56
2022-03-11,39894.08,38792.59
2022-03-14,38897.64,38813.0
2022-03-15,38645.01,39735.71
2022-03-16,40521.6,40880.17
2022-03-17,40748.5,40871.85
2022-03-18,40390.4,42042.72
2022-03-21,41244.27,41180.55
2022-03-22,42983.0,42284.41
2022-03-23,42039.77,42216.79
2022-03-24,42968.42,43908.3
2022-03-25,44585.28,44444.95
2022-03-28,47252.54,47956.28
2022-03-29,47896.09,47701.49
2022-03-30,47319.92,47073.89
2022-03-31,47152.0,45581.97
2022-04-01,45064.25,46361.68
2022-04-04,46160.08,45925.76
2022-04-05,46683.37,46032.5
2022-04-06,44819.19,43754.57
2022-04-07,43766.75,43388.92
2022-04-08,43298.79,42730.84
2022-04-11,41067.64,39985.33
2022-04-12,40378.0,39303.1
2022-04-13,39722.63,41059.3
2022-04-14,40919.99,39775.82
2022-04-18,38998.54,40680.68
2022-04-19,40687.3,41417.24
2022-04-20,42090.01,41193.89
2022-04-21,42440.01,41218.81
2022-04-22,40585.54,39502.92
2022-04-25,38832.29,40225.97
2022-04-26,40467.03,38270.03
2022-04-27,39017.19,38858.26
2022-04-28,39679.31,39983.77
2022-04-29,38749.54,38331.54
2022-05-02,38528.78,38563.38
2022-05-03,38570.01,37717.49
2022-05-04,39002.31,39859.22
2022-05-05,39492.84,36316.0
2022-05-06,35780.83,36001.35
2022-05-09,33122.31,30944.82
2022-05-10,31622.24,31330.03
2022-05-11,31533.14,29372.22
2022-05-12,28472.98,28641.15
2022-05-13,30668.07,30084.11
2022-05-16,29950.95,29576.7
2022-05-17,30319.48,30097.09
2022-05-18,29833.59,29276.55
2022-05-19,29499.81,29967.4
2022-05-20,30414.06,29291.55
2022-05-23,30397.12,29089.9
2022-05-24,29295.75,29391.62
2022-05-25,29409.01,29599.1
2022-05-26,28998.4,29379.76
2022-05-27,28912.95,28880.0
2022-05-31,31766.99,31625.71
2022-06-01,31609.15,30126.72
2022-06-02,30173.66,30293.01
2022-06-03,29758.2,29572.52
2022-06-06,31396.72,31470.72
2022-06-07,29521.51,31059.71
2022-06-08,30410.85,30140.14
2022-06-09,30299.46,30017.12
2022-06-10,30020.56,28980.02
2022-06-13,23729.43,23218.22
2022-06-14,21994.56,22196.28
2022-06-15,21177.04,21632.04
2022-06-16,21044.56,20875.48
2022-06-17,20972.04,20515.59
2022-06-21,20962.42,20888.64
2022-06-22,20506.3,20117.34
2022-06-23,20638.89,20910.06
2022-06-24,21169.53,21253.61
2022-06-27,21304.56,20855.37
2022-06-28,20998.14,20255.01
2022-06-29,20104.81,20223.63
2022-06-30,19101.35,18927.34
2022-07-01,19191.02,19390.17
2022-07-05,19520.4,20398.21
2022-07-06,20103.44,20328.55
2022-07-07,20507.83,21812.47
2022-07-08,21583.99,21811.9
2022-07-11,20474.55,20509.47
2022-07-12,19775.56,19398.74
2022-07-13,19845.33,19652.15
2022-07-14,19738.13,20605.75
2022-07-15,20769.74,21165.85
2022-07-18,22132.08,21617.92
2022-07-19,21977.19,23401.99
2022-07-20,23728.55,23660.38
2022-07-21,22607.92,23194.4
2022-07-22,23612.15,22586.26
2022-07-25,21942.18,21890.17
2022-07-26,21090.22,20915.57
2022-07-27,21200.6,22773.62
2022-07-28,23116.19,23794.26
2022-07-29,23718.71,23895.13
2022-08-01,23227.79,22953.59
2022-08-02,22882.61,22951.21
2022-08-03,23405.14,23462.0
2022-08-04,22885.01,22451.24
2022-08-05,23403.67,22932.83
2022-08-08,24166.12,23926.83
2022-08-09,23263.34,23053.82
2022-08-10,23122.36,23638.95
2022-08-11,24559.37,24221.81
2022-08-12,23672.98,24177.57
2022-08-15,24048.91,23982.54
2022-08-16,24036.86,23930.24
2022-08-17,23746.65,23275.04
2022-08-18,23534.43,23344.88
2022-08-19,21467.91,21329.66
2022-08-22,21249.78,21057.25
2022-08-23,21455.97,21522.01
2022-08-24,21439.84,21707.58
2022-08-25,21720.31,21605.2
2022-08-26,21191.27,20644.47
2022-08-29,19824.2,20098.65
2022-08-30,20403.8,19947.2
2022-08-31,20314.78,20228.57
2022-09-01,20074.91,19871.68
2022-09-02,20090.81,19910.43
2022-09-06,19918.33,18824.41
2022-09-07,18739.78,18992.38
2022-09-08,19311.6,19352.38
2022-09-09,20937.72,21291.62
2022-09-12,22313.57,22426.08
2022-09-13,22522.74,20283.58
2022-09-14,20224.74,19952.11
2022-09-15,20149.59,19782.36
2022-09-16,19868.75,19618.91
2022-09-19,18685.77,19514.8
2022-09-20,19219.49,18993.33
2022-09-21,19165.18,19001.03
2022-09-22,19229.81,19311.19
2022-09-23,18862.72,18807.57
2022-09-26,18876.62,19202.77
2022-09-27,20230.35,19077.59
2022-09-28,18954.96,19546.72
2022-09-29,19463.04,19405.37
2022-09-30,19435.79,19473.52
2022-10-03,19246.81,19541.38
2022-10-04,19939.0,20220.09
2022-10-05,20028.74,20119.47
2022-10-06,20244.46,20010.62
2022-10-07,20000.15,19459.32
2022-10-10,19333.02,19211.59
2022-10-11,19153.68,18999.25
2022-10-12,19114.62,19137.18
2022-10-13,18754.09,19369.94
2022-10-14,19596.25,19168.18
2022-10-17,19457.58,19526.84
2022-10-18,19563.59,19216.21
2022-10-19,19201.42,19232.59
2022-10-20,19208.09,19063.82
2022-10-21,18944.99,19189.22
2022-10-24,19422.9,19343.23
2022-10-25,19301.39,20273.14
2022-10-26,20606.86,20763.54
2022-10-27,20622.11,20629.59
2022-10-28,20174.0,20609.21
2022-10-31,20731.53,20371.72
2022-11-01,20522.23,20451.45
2022-11-02,20432.38,20250.68
2022-11-03,20129.8,20262.53
2022-11-04,20558.03,21108.54
2022-11-07,20733.97,20847.51
2022-11-08,19699.04,18256.64
2022-11-09,17817.07,16784.64
2022-11-10,16399.03,17455.62
2022-11-11,17349.45,16849.17
2022-11-14,16748.75,16258.21
2022-11-15,16783.27,16858.77
2022-11-16,16706.64,16556.88
2022-11-17,16594.19,16620.56
2022-11-18,16750.25,16656.37
2022-11-21,16084.42,15722.98
2022-11-22,15747.88,16168.38
2022-11-23,16585.21,16473.32
2022-11-25,16531.64,16523.21
2022-11-28,16213.29,16224.75
2022-11-29,16496.73,16426.56
2022-11-30,16879.32,17062.85
2022-12-01,17102.47,16951.8
2022-12-02,16996.92,16987.01
2022-12-05,17310.08,16926.65
2022-12-06,16983.42,16970.93
2022-12-07,16793.29,16815.73
2022-12-08,16850.88,17251.62
2022-12-09,17241.16,17142.67
2022-12-12,16989.45,17043.22
2022-12-13,17444.32,17740.86
2022-12-14,17824.93,17792.9
2022-12-15,17720.33,17442.25
2022-12-16,17027.09,16864.81
2022-12-19,16734.46,16555.74
2022-12-20,16814.71,16900.3
2022-12-21,16878.47,16756.2
2022-12-22,16834.2,16662.13
2022-12-23,16844.02,16844.79
2022-12-27,16832.01,16690.75
2022-12-28,16678.52,16595.92
2022-12-29,16598.7,16612.4
2022-12-30,16495.96,16525.37
2023-01-03,16721.42,16643.37
2023-01-04,16835.35,16842.36
2023-01-05,16833.6,16863.85
2023-01-06,16738.74,16939.91
2023-01-09,17239.47,17293.69
2023-01-10,17252.89,17432.85
2023-01-11,17437.75,17550.29
2023-01-12,18200.8,18885.35
2023-01-13,18920.95,19362.01
2023-01-17,21219.21,21336.46
2023-01-18,21204.67,20906.54
2023-01-19,20744.17,21090.95
2023-01-20,20963.34,21496.67
2023-01-23,22904.58,22792.47
2023-01-24,22917.11,23018.53
2023-01-25,22598.45,22748.86
2023-01-26,22992.09,23070.0
2023-01-27,22967.48,23253.06
2023-01-30,23077.47,22784.86
2023-01-31,22865.97,23163.88
2023-02-01,23078.43,23385.99
2023-02-02,23820.49,23802.57
2023-02-03,23533.32,23307.99
2023-02-06,22878.23,23031.03
2023-02-07,22977.24,23091.9
2023-02-08,23159.07,22874.89
2023-02-09,22685.79,22032.71
2023-02-10,21732.63,21771.09
2023-02-13,21602.8,21607.81
2023-02-14,21809.81,22208.65
2023-02-15,22444.28,23318.9
2023-02-16,24567.93,24872.58
2023-02-17,23789.12,24524.49
2023-02-21,24572.83,24602.88
2023-02-22,24160.87,23791.67
2023-02-23,23780.21,23971.5
2023-02-24,23883.72,23182.27
2023-02-27,23428.87,23276.35
2023-02-28,23391.96,23264.36
2023-03-01,23739.87,23355.14
2023-03-02,23414.73,23463.99
2023-03-03,22343.06,22358.48
2023-03-06,22379.95,22393.35
2023-03-07,22351.02,22124.77
2023-03-08,22071.98,21997.25
2023-03-09,21669.38,20854.93
2023-03-10,19761.12,20024.32
2023-03-13,22106.63,24279.91
2023-03-14,24743.05,25054.15
2023-03-15,24753.27,24366.71
2023-03-16,24826.33,24953.21
2023-03-17,26920.11,26834.87
2023-03-20,28188.95,27785.1
2023-03-21,28040.13,28126.84
2023-03-22,28122.73,26667.33
2023-03-23,27584.52,28369.99
2023-03-24,28079.99,27821.6
2023-03-27,27892.69,26968.94
2023-03-28,27057.36,27425.99
2023-03-29,28354.0,28419.49
2023-03-30,28644.79,27986.09
2023-03-31,27927.97,28469.31
2023-04-03,28253.73,28081.08
2023-04-04,28289.51,28189.25
2023-04-05,28554.37,28240.64
2023-04-06,27945.51,28017.77
2023-04-10,28305.59,29173.06
2023-04-11,30055.14,30130.02
2023-04-12,30016.31,29798.59
2023-04-13,30159.81,30335.13
2023-04-14,30801.89,30324.09
2023-04-17,29570.8,29467.24
2023-04-18,30380.59,30221.52
2023-04-19,29310.64,29227.07
2023-04-20,28607.12,28104.38
2023-04-21,28066.22,27279.91
2023-04-24,27550.83,27383.29
2023-04-25,27390.96,27611.4
2023-04-26,28952.31,27884.24
2023-04-27,28934.21,29673.98
2023-04-28,29235.36,29328.53
2023-05-01,28523.85,27843.36
2023-05-02,28084.83,28686.14
2023-05-03,28543.73,28322.98
2023-05-04,29154.65,28895.12
2023-05-05,29149.36,29561.66
2023-05-08,27934.09,27340.72
2023-05-09,27678.31,27716.32
2023-05-10,27677.08,27692.26
2023-05-11,27405.62,26843.05
2023-05-12,26348.02,26459.62
2023-05-15,27336.12,27418.24
2023-05-16,27059.03,26933.05
2023-05-17,26637.61,27385.09
2023-05-18,27398.97,26734.01
2023-05-19,26855.9,26834.46
2023-05-22,26826.79,26862.43
2023-05-23,27337.36,27181.22
2023-05-24,26742.25,26252.33
2023-05-25,26296.61,26468.68
2023-05-26,26463.29,26767.21
2023-05-30,28021.39,27850.2
2023-05-31,27097.18,27010.57
2023-06-01,26892.95,26862.68
2023-06-02,27130.75,27239.02
2023-06-05,26773.39,25629.99
2023-06-06,25686.64,27080.13
2023-06-07,26896.14,26482.42
2023-06-08,26432.01,26539.9
2023-06-09,26610.18,26407.15
2023-06-12,25988.82,25824.23
2023-06-13,26191.81,25902.84
2023-06-14,25975.71,25874.59
2023-06-15,25014.97,25455.49
2023-06-16,25474.51,26382.43
2023-06-20,26907.99,27982.77
2023-06-21,28930.0,30112.03
2023-06-22,29928.01,30213.11
2023-06-23,30140.86,30880.87
2023-06-26,30322.89,30243.97
2023-06-27,30729.09,30648.03
2023-06-28,30310.73,30100.0
2023-06-29,30670.95,30584.99
2023-06-30,30910.01,30372.36
2023-07-03,30625.22,31255.84
2023-07-05,30404.31,30431.95
2023-07-06,30846.55,30309.88
2023-07-07,30118.7,30246.2
2023-07-10,30240.0,30837.4
2023-07-11,30404.31,30581.99
2023-07-12,30776.25,30287.47
2023-07-13,30543.99,31606.01
2023-07-14,31209.58,30115.17
2023-07-17,30161.7,29884.39
2023-07-18,29884.0,29715.99
2023-07-19,30012.62,30044.31
2023-07-20,30284.9,29756.0
2023-07-21,29778.51,29875.99
2023-07-24,29269.99,29117.99
2023-07-25,29128.29,29198.83
2023-07-26,29175.39,29401.93
2023-07-27,29507.02,29163.83
2023-07-28,29206.58,29316.0
2023-07-31,29405.99,29157.48
2023-08-01,28862.19,29274.41
2023-08-02,29562.49,29151.56
2023-08-03,29146.01,29281.32
2023-08-04,29167.51,29032.06
2023-08-07,29091.44,29154.91
2023-08-08,29438.63,29884.24
2023-08-09,29888.32,29416.22
2023-08-10,29504.01,29444.52
2023-08-11,29445.96,29396.76
2023-08-14,29410.0,29360.54
2023-08-15,29365.99,29181.73
2023-08-16,29164.67,29111.7
2023-08-17,28545.1,27894.01
2023-08-18,26494.0,26065.01
2023-08-21,26031.61,26097.74
2023-08-22,26049.63,25779.99
2023-08-23,25939.49,26632.0
2023-08-24,26444.02,26039.44
2023-08-25,26096.41,25972.36
2023-08-28,26000.99,25996.26
2023-08-29,25975.54,27831.33
2023-08-30,27338.52,27178.28
2023-08-31,27303.95,26162.79
2023-09-01,26047.5,25645.66
2023-09-05,25783.69,25683.93
2023-09-06,25733.28,25689.54
2023-09-07,25708.6,25880.01
2023-09-08,25839.52,25895.62
2023-09-11,25601.27,25020.66
2023-09-12,26098.98,26066.33
2023-09-13,26198.41,26140.01
2023-09-14,26446.15,26678.14
2023-09-15,26425.17,26397.38
2023-09-18,27196.98,26814.79
2023-09-19,27237.57,27185.44
2023-09-20,27098.07,26930.61
2023-09-21,26730.77,26599.95
2023-09-22,26640.26,26540.1
2023-09-25,26075.4,26331.83
2023-09-26,26273.82,26247.7
2023-09-27,26766.69,26267.8
2023-09-28,26476.93,27100.0
2023-09-29,26970.78,26926.52
2023-10-02,28198.05,27964.99
2023-10-03,27560.0,27275.0
2023-10-04,27572.43,27618.1
2023-10-05,27725.68,27471.28
2023-10-06,27760.0,27952.36
2023-10-09,27468.91,27616.66
2023-10-10,27508.86,27397.3
2023-10-11,27196.26,26763.2
2023-10-12,26837.84,26712.9
2023-10-13,26820.91,26778.57
2023-10-16,27749.61,28468.85
2023-10-17,28422.63,28516.47
2023-10-18,28340.65,28245.62
2023-10-19,28450.7,28750.75
2023-10-20,29839.99,29561.41
2023-10-23,30657.04,31354.42
2023-10-24,34542.9,33796.5
2023-10-25,34199.2,34738.54
2023-10-26,34102.66,34044.02
2023-10-27,34047.0,33698.54
2023-10-30,34608.51,34432.11
2023-10-31,34488.26,34540.3
2023-11-01,34424.07,34557.67
2023-11-02,35373.56,35000.01
2023-11-03,34252.39,34530.71
2023-11-06,35232.45,35054.68
2023-11-07,34627.83,35453.98
2023-11-08,35330.8,35621.99
2023-11-09,36805.71,36382.2
2023-11-10,37071.1,37225.96
2023-11-13,36810.02,36844.98
2023-11-14,36259.17,35293.99
2023-11-15,36240.95,37499.99
2023-11-16,37247.49,35921.01
2023-11-17,36372.82,36322.4
2023-11-20,37147.51,37569.23
2023-11-21,37174.97,36980.0
2023-11-22,36463.94,37289.98
2023-11-24,37741.99,37766.11
2023-11-27,37035.95,36877.0
2023-11-28,37251.43,38114.26
2023-11-29,38104.65,37874.2
2023-11-30,37885.15,37749.34
2023-12-01,38580.17,38762.4
2023-12-04,41596.01,41987.28
2023-12-05,41726.09,43814.36
2023-12-06,43839.22,43984.71
2023-12-07,43188.03,43203.58
2023-12-08,43653.82,43945.11
2023-12-11,42344.01,40779.99
2023-12-12,41584.58,41137.99
2023-12-13,41004.69,42734.01
2023-12-14,43267.07,43094.13
2023-12-15,42776.04,42096.08
2023-12-18,41105.12,41701.1
2023-12-19,42976.1,42341.96
2023-12-20,42864.43,43738.01
2023-12-21,43931.6,43588.8
2023-12-22,43753.95,43640.79
2023-12-26,42685.56,42109.11
2023-12-27,43019.11,43154.34
2023-12-28,43059.98,42610.64
2023-12-29,42862.0,42116.51
2024-01-02,45433.99,45039.49
2024-01-03,43702.89,42596.67
2024-01-04,43176.33,43956.48
2024-01-05,43771.34,43600.0
2024-01-08,44636.0,46979.35
2024-01-09,46616.0,46876.01
2024-01-10,45515.88,46489.18
2024-01-11,47059.99,46692.3
